{
  "K": 0.119901,
  "tau": 39.907088,
  "r_squared": 0.995706,
  "fitting_error": 0.101215
}
