{
  "Kp": 16.680454,
  "Ki": 0.417982,
  "Kd": 0.0,
  "lambda": 19.953544
}
