{
  "K": 0.1192418092402656,
  "tau": 38.928371348539414,
  "r_squared": 0.9959757501599805,
  "fitting_error": 0.09722905384365128
}
