{
  "rise_time": 52.0,
  "overshoot": 0.06045868615301091,
  "settling_time": 61.0,
  "steady_state_error": 0.005229999999997403,
  "max_temp": 22.2449
}
