{
  "Kp": 13.058631564404031,
  "Ki": 0.3354528101750136,
  "Kd": 0.0,
  "lambda": 25.0
}
